Site,Class,Image,Shapefile,Avg_BV_Band1,Avg_BV_Band2,Avg_BV_Band3
0,Aquatics,dec2014BV25,Aquatics_Class_300_dec2014,204.0,215.0,220.0
1,Aquatics,dec2014BV25,Aquatics_Class_300_dec2014,203.0,200.0,224.0
2,Aquatics,dec2014BV25,Aquatics_Class_300_dec2014,195.0,185.0,221.0
3,Aquatics,dec2014BV25,Aquatics_Class_300_dec2014,191.0,186.0,224.0
4,Aquatics,dec2014BV25,Aquatics_Class_300_dec2014,197.0,186.0,229.0
5,Aquatics,dec2014BV25,Aquatics_Class_300_dec2014,200.0,192.0,233.0
6,Aquatics,dec2014BV25,Aquatics_Class_300_dec2014,187.0,184.0,211.0
7,Aquatics,dec2014BV25,Aquatics_Class_300_dec2014,224.0,221.0,242.0
8,Aquatics,dec2014BV25,Aquatics_Class_300_dec2014,202.0,195.0,233.0
9,Aquatics,dec2014BV25,Aquatics_Class_300_dec2014,198.0,186.0,231.0
10,Aquatics,dec2014BV25,Aquatics_Class_300_dec2014,199.0,193.0,224.0
11,Aquatics,dec2014BV25,Aquatics_Class_300_dec2014,197.0,185.0,236.0
12,Aquatics,dec2014BV25,Aquatics_Class_300_dec2014,217.0,212.0,228.0
13,Aquatics,dec2014BV25,Aquatics_Class_300_dec2014,212.0,206.0,247.0
14,Aquatics,dec2014BV25,Aquatics_Class_300_dec2014,222.0,218.0,231.0
15,Aquatics,dec2014BV25,Aquatics_Class_300_dec2014,204.0,194.0,219.0
16,Aquatics,dec2014BV25,Aquatics_Class_300_dec2014,211.0,224.0,233.0
17,Aquatics,dec2014BV25,Aquatics_Class_300_dec2014,201.0,193.0,231.0
18,Aquatics,dec2014BV25,Aquatics_Class_300_dec2014,192.0,182.0,222.0
19,Aquatics,dec2014BV25,Aquatics_Class_300_dec2014,193.0,201.0,214.0
20,Aquatics,dec2014BV25,Aquatics_Class_300_dec2014,193.0,205.0,213.0
21,Aquatics,dec2014BV25,Aquatics_Class_300_dec2014,138.0,142.0,158.0
22,Aquatics,dec2014BV25,Aquatics_Class_300_dec2014,165.0,162.0,195.0
23,Aquatics,dec2014BV25,Aquatics_Class_300_dec2014,152.0,145.0,179.0
24,Aquatics,dec2014BV25,Aquatics_Class_300_dec2014,137.0,137.0,155.0
25,Aquatics,dec2014BV25,Aquatics_Class_300_dec2014,185.0,172.0,221.0
26,Aquatics,dec2014BV25,Aquatics_Class_300_dec2014,185.0,183.0,221.0
27,Aquatics,dec2014BV25,Aquatics_Class_300_dec2014,196.0,191.0,230.0
28,Aquatics,dec2014BV25,Aquatics_Class_300_dec2014,190.0,182.0,232.0
29,Aquatics,dec2014BV25,Aquatics_Class_300_dec2014,187.0,179.0,228.0
30,Aquatics,dec2014BV25,Aquatics_Class_300_dec2014,203.0,191.0,245.0
31,Aquatics,dec2014BV25,Aquatics_Class_300_dec2014,162.0,154.0,194.0
32,Aquatics,dec2014BV25,Aquatics_Class_300_dec2014,207.0,196.0,252.0
33,Aquatics,dec2014BV25,Aquatics_Class_300_dec2014,218.0,204.0,230.0
34,Aquatics,dec2014BV25,Aquatics_Class_300_dec2014,160.0,158.0,192.0
35,Aquatics,dec2014BV25,Aquatics_Class_300_dec2014,199.0,198.0,240.0
36,Aquatics,dec2014BV25,Aquatics_Class_300_dec2014,209.0,195.0,246.0
37,Aquatics,dec2014BV25,Aquatics_Class_300_dec2014,197.0,189.0,237.0
38,Aquatics,dec2014BV25,Aquatics_Class_300_dec2014,190.0,179.0,215.0
39,Aquatics,dec2014BV25,Aquatics_Class_300_dec2014,129.0,127.0,152.0
40,Aquatics,dec2014BV25,Aquatics_Class_300_dec2014,167.0,161.0,206.0
41,Aquatics,dec2014BV25,Aquatics_Class_300_dec2014,194.0,171.0,227.0
42,Aquatics,dec2014BV25,Aquatics_Class_300_dec2014,198.0,192.0,224.0
43,Aquatics,dec2014BV25,Aquatics_Class_300_dec2014,179.0,172.0,224.0
44,Aquatics,dec2014BV25,Aquatics_Class_300_dec2014,171.0,157.0,199.0
45,Aquatics,dec2014BV25,Aquatics_Class_300_dec2014,162.0,146.0,191.0
46,Aquatics,dec2014BV25,Aquatics_Class_300_dec2014,181.0,169.0,208.0
47,Aquatics,dec2014BV25,Aquatics_Class_300_dec2014,187.0,177.0,227.0
48,Aquatics,dec2014BV25,Aquatics_Class_300_dec2014,146.0,152.0,167.0
49,Aquatics,dec2014BV25,Aquatics_Class_300_dec2014,167.0,158.0,195.0
50,Aquatics,dec2014BV25,Aquatics_Class_300_dec2014,179.0,166.0,222.0
51,Aquatics,dec2014BV25,Aquatics_Class_300_dec2014,161.0,157.0,197.0
52,Aquatics,dec2014BV25,Aquatics_Class_300_dec2014,162.0,152.0,196.0
53,Aquatics,dec2014BV25,Aquatics_Class_300_dec2014,144.0,143.0,175.0
54,Aquatics,dec2014BV25,Aquatics_Class_300_dec2014,153.0,144.0,198.0
55,Aquatics,dec2014BV25,Aquatics_Class_300_dec2014,183.0,183.0,224.0
56,Aquatics,dec2014BV25,Aquatics_Class_300_dec2014,168.0,166.0,201.0
57,Aquatics,dec2014BV25,Aquatics_Class_300_dec2014,189.0,196.0,223.0
58,Aquatics,dec2014BV25,Aquatics_Class_300_dec2014,168.0,168.0,204.0
59,Aquatics,dec2014BV25,Aquatics_Class_300_dec2014,172.0,167.0,213.0
60,Aquatics,dec2014BV25,Aquatics_Class_300_dec2014,193.0,190.0,232.0
61,Aquatics,dec2014BV25,Aquatics_Class_300_dec2014,178.0,179.0,224.0
62,Aquatics,dec2014BV25,Aquatics_Class_300_dec2014,182.0,192.0,207.0
63,Aquatics,dec2014BV25,Aquatics_Class_300_dec2014,180.0,184.0,217.0
64,Aquatics,dec2014BV25,Aquatics_Class_300_dec2014,159.0,153.0,200.0
65,Aquatics,dec2014BV25,Aquatics_Class_300_dec2014,206.0,198.0,250.0
66,Aquatics,dec2014BV25,Aquatics_Class_300_dec2014,174.0,164.0,197.0
67,Aquatics,dec2014BV25,Aquatics_Class_300_dec2014,168.0,161.0,197.0
68,Aquatics,dec2014BV25,Aquatics_Class_300_dec2014,163.0,162.0,188.0
69,Aquatics,dec2014BV25,Aquatics_Class_300_dec2014,162.0,151.0,189.0
70,Aquatics,dec2014BV25,Aquatics_Class_300_dec2014,189.0,182.0,221.0
71,Aquatics,dec2014BV25,Aquatics_Class_300_dec2014,205.0,189.0,243.0
72,Aquatics,dec2014BV25,Aquatics_Class_300_dec2014,191.0,179.0,219.0
73,Aquatics,dec2014BV25,Aquatics_Class_300_dec2014,202.0,187.0,237.0
74,Aquatics,dec2014BV25,Aquatics_Class_300_dec2014,171.0,163.0,204.0
75,Aquatics,dec2014BV25,Aquatics_Class_300_dec2014,209.0,210.0,234.0
76,Aquatics,dec2014BV25,Aquatics_Class_300_dec2014,229.0,214.0,250.0
77,Aquatics,dec2014BV25,Aquatics_Class_300_dec2014,218.0,208.0,251.0
78,Aquatics,dec2014BV25,Aquatics_Class_300_dec2014,216.0,217.0,227.0
79,Aquatics,dec2014BV25,Aquatics_Class_300_dec2014,229.0,221.0,239.0
80,Aquatics,dec2014BV25,Aquatics_Class_300_dec2014,207.0,196.0,244.0
81,Aquatics,dec2014BV25,Aquatics_Class_300_dec2014,175.0,166.0,184.0
82,Aquatics,dec2014BV25,Aquatics_Class_300_dec2014,173.0,168.0,197.0
83,Aquatics,dec2014BV25,Aquatics_Class_300_dec2014,212.0,206.0,205.0
84,Aquatics,dec2014BV25,Aquatics_Class_300_dec2014,207.0,195.0,245.0
85,Aquatics,dec2014BV25,Aquatics_Class_300_dec2014,194.0,188.0,230.0
86,Aquatics,dec2014BV25,Aquatics_Class_300_dec2014,179.0,177.0,212.0
87,Aquatics,dec2014BV25,Aquatics_Class_300_dec2014,168.0,161.0,201.0
88,Aquatics,dec2014BV25,Aquatics_Class_300_dec2014,190.0,184.0,234.0
89,Aquatics,dec2014BV25,Aquatics_Class_300_dec2014,170.0,164.0,201.0
90,Aquatics,dec2014BV25,Aquatics_Class_300_dec2014,203.0,191.0,226.0
91,Aquatics,dec2014BV25,Aquatics_Class_300_dec2014,211.0,204.0,243.0
92,Aquatics,dec2014BV25,Aquatics_Class_300_dec2014,181.0,171.0,182.0
93,Aquatics,dec2014BV25,Aquatics_Class_300_dec2014,200.0,184.0,207.0
94,Aquatics,dec2014BV25,Aquatics_Class_300_dec2014,162.0,165.0,183.0
95,Aquatics,dec2014BV25,Aquatics_Class_300_dec2014,172.0,169.0,187.0
96,Aquatics,dec2014BV25,Aquatics_Class_300_dec2014,214.0,217.0,212.0
97,Aquatics,dec2014BV25,Aquatics_Class_300_dec2014,166.0,180.0,199.0
98,Aquatics,dec2014BV25,Aquatics_Class_300_dec2014,154.0,158.0,186.0
99,Aquatics,dec2014BV25,Aquatics_Class_300_dec2014,171.0,192.0,186.0
100,Aquatics,dec2014BV25,Aquatics_Class_300_dec2014,185.0,199.0,204.0
101,Aquatics,dec2014BV25,Aquatics_Class_300_dec2014,180.0,178.0,195.0
102,Aquatics,dec2014BV25,Aquatics_Class_300_dec2014,142.0,140.0,156.0
103,Aquatics,dec2014BV25,Aquatics_Class_300_dec2014,201.0,185.0,230.0
104,Aquatics,dec2014BV25,Aquatics_Class_300_dec2014,195.0,181.0,218.0
105,Aquatics,dec2014BV25,Aquatics_Class_300_dec2014,238.0,239.0,229.0
106,Aquatics,dec2014BV25,Aquatics_Class_300_dec2014,238.0,253.0,226.0
107,Aquatics,dec2014BV25,Aquatics_Class_300_dec2014,170.0,162.0,187.0
108,Aquatics,dec2014BV25,Aquatics_Class_300_dec2014,194.0,181.0,224.0
109,Aquatics,dec2014BV25,Aquatics_Class_300_dec2014,140.0,141.0,160.0
110,Aquatics,dec2014BV25,Aquatics_Class_300_dec2014,184.0,175.0,206.0
111,Aquatics,dec2014BV25,Aquatics_Class_300_dec2014,190.0,178.0,220.0
112,Aquatics,dec2014BV25,Aquatics_Class_300_dec2014,172.0,163.0,196.0
113,Aquatics,dec2014BV25,Aquatics_Class_300_dec2014,153.0,148.0,167.0
114,Aquatics,dec2014BV25,Aquatics_Class_300_dec2014,173.0,172.0,178.0
115,Aquatics,dec2014BV25,Aquatics_Class_300_dec2014,164.0,161.0,172.0
116,Aquatics,dec2014BV25,Aquatics_Class_300_dec2014,202.0,199.0,233.0
117,Aquatics,dec2014BV25,Aquatics_Class_300_dec2014,207.0,201.0,244.0
118,Aquatics,dec2014BV25,Aquatics_Class_300_dec2014,207.0,217.0,216.0
119,Aquatics,dec2014BV25,Aquatics_Class_300_dec2014,171.0,163.0,204.0
120,Aquatics,dec2014BV25,Aquatics_Class_300_dec2014,186.0,173.0,224.0
121,Aquatics,dec2014BV25,Aquatics_Class_300_dec2014,163.0,150.0,188.0
122,Aquatics,dec2014BV25,Aquatics_Class_300_dec2014,193.0,177.0,220.0
123,Aquatics,dec2014BV25,Aquatics_Class_300_dec2014,167.0,157.0,183.0
124,Aquatics,dec2014BV25,Aquatics_Class_300_dec2014,198.0,201.0,230.0
125,Aquatics,dec2014BV25,Aquatics_Class_300_dec2014,173.0,150.0,183.0
126,Aquatics,dec2014BV25,Aquatics_Class_300_dec2014,175.0,165.0,176.0
127,Aquatics,dec2014BV25,Aquatics_Class_300_dec2014,174.0,145.0,191.0
128,Aquatics,dec2014BV25,Aquatics_Class_300_dec2014,149.0,124.0,166.0
129,Aquatics,dec2014BV25,Aquatics_Class_300_dec2014,155.0,136.0,166.0
130,Aquatics,dec2014BV25,Aquatics_Class_300_dec2014,100.0,100.0,99.0
131,Aquatics,dec2014BV25,Aquatics_Class_300_dec2014,175.0,152.0,197.0
132,Aquatics,dec2014BV25,Aquatics_Class_300_dec2014,97.0,95.0,110.0
133,Aquatics,dec2014BV25,Aquatics_Class_300_dec2014,156.0,145.0,167.0
134,Aquatics,dec2014BV25,Aquatics_Class_300_dec2014,182.0,173.0,194.0
135,Aquatics,dec2014BV25,Aquatics_Class_300_dec2014,171.0,167.0,177.0
136,Aquatics,dec2014BV25,Aquatics_Class_300_dec2014,152.0,128.0,162.0
137,Aquatics,dec2014BV25,Aquatics_Class_300_dec2014,136.0,118.0,151.0
138,Aquatics,dec2014BV25,Aquatics_Class_300_dec2014,132.0,121.0,143.0
139,Aquatics,dec2014BV25,Aquatics_Class_300_dec2014,184.0,187.0,181.0
140,Aquatics,dec2014BV25,Aquatics_Class_300_dec2014,143.0,131.0,151.0
141,Aquatics,dec2014BV25,Aquatics_Class_300_dec2014,144.0,126.0,150.0
142,Aquatics,dec2014BV25,Aquatics_Class_300_dec2014,139.0,129.0,141.0
143,Aquatics,dec2014BV25,Aquatics_Class_300_dec2014,138.0,116.0,164.0
144,Aquatics,dec2014BV25,Aquatics_Class_300_dec2014,171.0,147.0,183.0
145,Aquatics,dec2014BV25,Aquatics_Class_300_dec2014,102.0,91.0,129.0
146,Aquatics,dec2014BV25,Aquatics_Class_300_dec2014,167.0,148.0,173.0
147,Aquatics,dec2014BV25,Aquatics_Class_300_dec2014,132.0,119.0,149.0
148,Aquatics,dec2014BV25,Aquatics_Class_300_dec2014,113.0,113.0,123.0
149,Aquatics,dec2014BV25,Aquatics_Class_300_dec2014,115.0,116.0,116.0
150,Aquatics,dec2014BV25,Aquatics_Class_300_dec2014,145.0,129.0,151.0
151,Aquatics,dec2014BV25,Aquatics_Class_300_dec2014,164.0,142.0,176.0
152,Aquatics,dec2014BV25,Aquatics_Class_300_dec2014,205.0,182.0,228.0
153,Aquatics,dec2014BV25,Aquatics_Class_300_dec2014,204.0,175.0,222.0
154,Aquatics,dec2014BV25,Aquatics_Class_300_dec2014,126.0,110.0,136.0
155,Aquatics,dec2014BV25,Aquatics_Class_300_dec2014,163.0,151.0,176.0
156,Aquatics,dec2014BV25,Aquatics_Class_300_dec2014,142.0,133.0,166.0
157,Aquatics,dec2014BV25,Aquatics_Class_300_dec2014,144.0,130.0,168.0
158,Aquatics,dec2014BV25,Aquatics_Class_300_dec2014,191.0,163.0,187.0
159,Aquatics,dec2014BV25,Aquatics_Class_300_dec2014,191.0,172.0,189.0
160,Aquatics,dec2014BV25,Aquatics_Class_300_dec2014,174.0,151.0,184.0
161,Aquatics,dec2014BV25,Aquatics_Class_300_dec2014,194.0,169.0,203.0
162,Aquatics,dec2014BV25,Aquatics_Class_300_dec2014,127.0,111.0,153.0
163,Aquatics,dec2014BV25,Aquatics_Class_300_dec2014,162.0,148.0,164.0
164,Aquatics,dec2014BV25,Aquatics_Class_300_dec2014,171.0,151.0,178.0
165,Aquatics,dec2014BV25,Aquatics_Class_300_dec2014,164.0,147.0,178.0
166,Aquatics,dec2014BV25,Aquatics_Class_300_dec2014,202.0,175.0,201.0
167,Aquatics,dec2014BV25,Aquatics_Class_300_dec2014,100.0,93.0,124.0
168,Aquatics,dec2014BV25,Aquatics_Class_300_dec2014,122.0,123.0,141.0
169,Aquatics,dec2014BV25,Aquatics_Class_300_dec2014,101.0,94.0,127.0
170,Aquatics,dec2014BV25,Aquatics_Class_300_dec2014,89.0,90.0,94.0
171,Aquatics,dec2014BV25,Aquatics_Class_300_dec2014,82.0,84.0,87.0
172,Aquatics,dec2014BV25,Aquatics_Class_300_dec2014,90.0,89.0,93.0
173,Aquatics,dec2014BV25,Aquatics_Class_300_dec2014,95.0,96.0,95.0
174,Aquatics,dec2014BV25,Aquatics_Class_300_dec2014,90.0,90.0,93.0
175,Aquatics,dec2014BV25,Aquatics_Class_300_dec2014,131.0,129.0,147.0
176,Aquatics,dec2014BV25,Aquatics_Class_300_dec2014,139.0,135.0,157.0
177,Aquatics,dec2014BV25,Aquatics_Class_300_dec2014,96.0,97.0,96.0
178,Aquatics,dec2014BV25,Aquatics_Class_300_dec2014,189.0,174.0,186.0
179,Aquatics,dec2014BV25,Aquatics_Class_300_dec2014,142.0,135.0,157.0
180,Aquatics,dec2014BV25,Aquatics_Class_300_dec2014,160.0,143.0,181.0
181,Aquatics,dec2014BV25,Aquatics_Class_300_dec2014,156.0,143.0,173.0
182,Aquatics,dec2014BV25,Aquatics_Class_300_dec2014,133.0,110.0,146.0
183,Aquatics,dec2014BV25,Aquatics_Class_300_dec2014,160.0,147.0,177.0
184,Aquatics,dec2014BV25,Aquatics_Class_300_dec2014,140.0,118.0,158.0
185,Aquatics,dec2014BV25,Aquatics_Class_300_dec2014,113.0,100.0,133.0
186,Aquatics,dec2014BV25,Aquatics_Class_300_dec2014,164.0,154.0,173.0
187,Aquatics,dec2014BV25,Aquatics_Class_300_dec2014,117.0,98.0,140.0
188,Aquatics,dec2014BV25,Aquatics_Class_300_dec2014,135.0,123.0,156.0
189,Aquatics,dec2014BV25,Aquatics_Class_300_dec2014,113.0,100.0,141.0
190,Aquatics,dec2014BV25,Aquatics_Class_300_dec2014,164.0,151.0,172.0
191,Aquatics,dec2014BV25,Aquatics_Class_300_dec2014,149.0,130.0,165.0
192,Aquatics,dec2014BV25,Aquatics_Class_300_dec2014,136.0,119.0,143.0
193,Aquatics,dec2014BV25,Aquatics_Class_300_dec2014,154.0,138.0,175.0
194,Aquatics,dec2014BV25,Aquatics_Class_300_dec2014,155.0,138.0,175.0
195,Aquatics,dec2014BV25,Aquatics_Class_300_dec2014,177.0,151.0,204.0
196,Aquatics,dec2014BV25,Aquatics_Class_300_dec2014,157.0,137.0,185.0
197,Aquatics,dec2014BV25,Aquatics_Class_300_dec2014,218.0,216.0,217.0
198,Aquatics,dec2014BV25,Aquatics_Class_300_dec2014,206.0,202.0,216.0
199,Aquatics,dec2014BV25,Aquatics_Class_300_dec2014,183.0,170.0,213.0
200,Aquatics,dec2014BV25,Aquatics_Class_300_dec2014,186.0,165.0,220.0
201,Aquatics,dec2014BV25,Aquatics_Class_300_dec2014,113.0,102.0,139.0
202,Aquatics,dec2014BV25,Aquatics_Class_300_dec2014,189.0,175.0,197.0
203,Aquatics,dec2014BV25,Aquatics_Class_300_dec2014,143.0,131.0,172.0
204,Aquatics,dec2014BV25,Aquatics_Class_300_dec2014,203.0,189.0,227.0
205,Aquatics,dec2014BV25,Aquatics_Class_300_dec2014,212.0,193.0,235.0
206,Aquatics,dec2014BV25,Aquatics_Class_300_dec2014,144.0,137.0,171.0
207,Aquatics,dec2014BV25,Aquatics_Class_300_dec2014,196.0,195.0,214.0
208,Aquatics,dec2014BV25,Aquatics_Class_300_dec2014,179.0,159.0,219.0
209,Aquatics,dec2014BV25,Aquatics_Class_300_dec2014,192.0,183.0,237.0
210,Aquatics,dec2014BV25,Aquatics_Class_300_dec2014,199.0,183.0,233.0
211,Aquatics,dec2014BV25,Aquatics_Class_300_dec2014,165.0,150.0,192.0
212,Aquatics,dec2014BV25,Aquatics_Class_300_dec2014,175.0,163.0,199.0
213,Aquatics,dec2014BV25,Aquatics_Class_300_dec2014,169.0,150.0,202.0
214,Aquatics,dec2014BV25,Aquatics_Class_300_dec2014,217.0,204.0,239.0
215,Aquatics,dec2014BV25,Aquatics_Class_300_dec2014,210.0,193.0,232.0
216,Aquatics,dec2014BV25,Aquatics_Class_300_dec2014,179.0,162.0,203.0
217,Aquatics,dec2014BV25,Aquatics_Class_300_dec2014,222.0,213.0,232.0
218,Aquatics,dec2014BV25,Aquatics_Class_300_dec2014,181.0,166.0,199.0
219,Aquatics,dec2014BV25,Aquatics_Class_300_dec2014,226.0,220.0,225.0
220,Aquatics,dec2014BV25,Aquatics_Class_300_dec2014,201.0,187.0,236.0
221,Aquatics,dec2014BV25,Aquatics_Class_300_dec2014,138.0,113.0,177.0
222,Aquatics,dec2014BV25,Aquatics_Class_300_dec2014,192.0,175.0,218.0
223,Aquatics,dec2014BV25,Aquatics_Class_300_dec2014,170.0,151.0,203.0
224,Aquatics,dec2014BV25,Aquatics_Class_300_dec2014,191.0,165.0,220.0
225,Aquatics,dec2014BV25,Aquatics_Class_300_dec2014,201.0,187.0,242.0
226,Aquatics,dec2014BV25,Aquatics_Class_300_dec2014,170.0,150.0,202.0
227,Aquatics,dec2014BV25,Aquatics_Class_300_dec2014,218.0,204.0,243.0
228,Aquatics,dec2014BV25,Aquatics_Class_300_dec2014,193.0,182.0,223.0
229,Aquatics,dec2014BV25,Aquatics_Class_300_dec2014,185.0,165.0,226.0
230,Aquatics,dec2014BV25,Aquatics_Class_300_dec2014,149.0,137.0,186.0
231,Aquatics,dec2014BV25,Aquatics_Class_300_dec2014,163.0,149.0,201.0
232,Aquatics,dec2014BV25,Aquatics_Class_300_dec2014,152.0,139.0,193.0
233,Aquatics,dec2014BV25,Aquatics_Class_300_dec2014,177.0,159.0,205.0
234,Aquatics,dec2014BV25,Aquatics_Class_300_dec2014,141.0,127.0,160.0
235,Aquatics,dec2014BV25,Aquatics_Class_300_dec2014,167.0,146.0,185.0
236,Aquatics,dec2014BV25,Aquatics_Class_300_dec2014,164.0,141.0,185.0
237,Aquatics,dec2014BV25,Aquatics_Class_300_dec2014,176.0,156.0,195.0
238,Aquatics,dec2014BV25,Aquatics_Class_300_dec2014,137.0,123.0,142.0
239,Aquatics,dec2014BV25,Aquatics_Class_300_dec2014,112.0,112.0,111.0
240,Aquatics,dec2014BV25,Aquatics_Class_300_dec2014,101.0,88.0,135.0
241,Aquatics,dec2014BV25,Aquatics_Class_300_dec2014,151.0,143.0,167.0
242,Aquatics,dec2014BV25,Aquatics_Class_300_dec2014,166.0,134.0,195.0
243,Aquatics,dec2014BV25,Aquatics_Class_300_dec2014,210.0,185.0,216.0
244,Aquatics,dec2014BV25,Aquatics_Class_300_dec2014,150.0,127.0,169.0
245,Aquatics,dec2014BV25,Aquatics_Class_300_dec2014,141.0,112.0,170.0
246,Aquatics,dec2014BV25,Aquatics_Class_300_dec2014,216.0,184.0,231.0
247,Aquatics,dec2014BV25,Aquatics_Class_300_dec2014,169.0,139.0,193.0
248,Aquatics,dec2014BV25,Aquatics_Class_300_dec2014,151.0,136.0,164.0
249,Aquatics,dec2014BV25,Aquatics_Class_300_dec2014,201.0,160.0,243.0
250,Aquatics,dec2014BV25,Aquatics_Class_300_dec2014,147.0,126.0,165.0
251,Aquatics,dec2014BV25,Aquatics_Class_300_dec2014,121.0,107.0,138.0
252,Aquatics,dec2014BV25,Aquatics_Class_300_dec2014,188.0,175.0,190.0
253,Aquatics,dec2014BV25,Aquatics_Class_300_dec2014,217.0,194.0,224.0
254,Aquatics,dec2014BV25,Aquatics_Class_300_dec2014,134.0,121.0,145.0
255,Aquatics,dec2014BV25,Aquatics_Class_300_dec2014,219.0,206.0,208.0
256,Aquatics,dec2014BV25,Aquatics_Class_300_dec2014,161.0,156.0,175.0
257,Aquatics,dec2014BV25,Aquatics_Class_300_dec2014,157.0,145.0,171.0
258,Aquatics,dec2014BV25,Aquatics_Class_300_dec2014,173.0,155.0,211.0
259,Aquatics,dec2014BV25,Aquatics_Class_300_dec2014,181.0,150.0,224.0
260,Aquatics,dec2014BV25,Aquatics_Class_300_dec2014,131.0,119.0,130.0
261,Aquatics,dec2014BV25,Aquatics_Class_300_dec2014,191.0,171.0,210.0
262,Aquatics,dec2014BV25,Aquatics_Class_300_dec2014,175.0,159.0,170.0
263,Aquatics,dec2014BV25,Aquatics_Class_300_dec2014,163.0,140.0,183.0
264,Aquatics,dec2014BV25,Aquatics_Class_300_dec2014,105.0,114.0,132.0
265,Aquatics,dec2014BV25,Aquatics_Class_300_dec2014,164.0,147.0,177.0
266,Aquatics,dec2014BV25,Aquatics_Class_300_dec2014,152.0,126.0,169.0
267,Aquatics,dec2014BV25,Aquatics_Class_300_dec2014,169.0,155.0,187.0
268,Aquatics,dec2014BV25,Aquatics_Class_300_dec2014,107.0,89.0,140.0
269,Aquatics,dec2014BV25,Aquatics_Class_300_dec2014,145.0,128.0,169.0
270,Aquatics,dec2014BV25,Aquatics_Class_300_dec2014,135.0,121.0,156.0
271,Aquatics,dec2014BV25,Aquatics_Class_300_dec2014,132.0,115.0,155.0
272,Aquatics,dec2014BV25,Aquatics_Class_300_dec2014,150.0,128.0,170.0
273,Aquatics,dec2014BV25,Aquatics_Class_300_dec2014,150.0,127.0,169.0
274,Aquatics,dec2014BV25,Aquatics_Class_300_dec2014,119.0,105.0,131.0
275,Aquatics,dec2014BV25,Aquatics_Class_300_dec2014,141.0,117.0,158.0
276,Aquatics,dec2014BV25,Aquatics_Class_300_dec2014,174.0,156.0,181.0
277,Aquatics,dec2014BV25,Aquatics_Class_300_dec2014,157.0,138.0,165.0
278,Aquatics,dec2014BV25,Aquatics_Class_300_dec2014,146.0,129.0,142.0
279,Aquatics,dec2014BV25,Aquatics_Class_300_dec2014,120.0,102.0,143.0
280,Aquatics,dec2014BV25,Aquatics_Class_300_dec2014,149.0,126.0,164.0
281,Aquatics,dec2014BV25,Aquatics_Class_300_dec2014,179.0,157.0,197.0
282,Aquatics,dec2014BV25,Aquatics_Class_300_dec2014,128.0,116.0,150.0
283,Aquatics,dec2014BV25,Aquatics_Class_300_dec2014,180.0,163.0,197.0
284,Aquatics,dec2014BV25,Aquatics_Class_300_dec2014,170.0,148.0,191.0
285,Aquatics,dec2014BV25,Aquatics_Class_300_dec2014,173.0,153.0,195.0
286,Aquatics,dec2014BV25,Aquatics_Class_300_dec2014,148.0,132.0,167.0
287,Aquatics,dec2014BV25,Aquatics_Class_300_dec2014,149.0,133.0,168.0
288,Aquatics,dec2014BV25,Aquatics_Class_300_dec2014,174.0,156.0,196.0
289,Aquatics,dec2014BV25,Aquatics_Class_300_dec2014,141.0,124.0,159.0
290,Aquatics,dec2014BV25,Aquatics_Class_300_dec2014,184.0,156.0,204.0
291,Aquatics,dec2014BV25,Aquatics_Class_300_dec2014,182.0,153.0,205.0
292,Aquatics,dec2014BV25,Aquatics_Class_300_dec2014,182.0,165.0,206.0
293,Aquatics,dec2014BV25,Aquatics_Class_300_dec2014,182.0,147.0,211.0
294,Aquatics,dec2014BV25,Aquatics_Class_300_dec2014,189.0,162.0,211.0
295,Aquatics,dec2014BV25,Aquatics_Class_300_dec2014,188.0,193.0,196.0
296,Aquatics,dec2014BV25,Aquatics_Class_300_dec2014,167.0,168.0,187.0
297,Aquatics,dec2014BV25,Aquatics_Class_300_dec2014,180.0,165.0,208.0
298,Aquatics,dec2014BV25,Aquatics_Class_300_dec2014,177.0,158.0,177.0
299,Aquatics,dec2014BV25,Aquatics_Class_300_dec2014,170.0,157.0,177.0
0,Land,dec2014BV25,Land_Class_300_dec2014,217.0,195.0,226.0
1,Land,dec2014BV25,Land_Class_300_dec2014,198.0,176.0,206.0
2,Land,dec2014BV25,Land_Class_300_dec2014,169.0,157.0,206.0
3,Land,dec2014BV25,Land_Class_300_dec2014,184.0,155.0,231.0
4,Land,dec2014BV25,Land_Class_300_dec2014,254.0,221.0,254.0
5,Land,dec2014BV25,Land_Class_300_dec2014,242.0,253.0,253.0
6,Land,dec2014BV25,Land_Class_300_dec2014,228.0,206.0,245.0
7,Land,dec2014BV25,Land_Class_300_dec2014,152.0,136.0,194.0
8,Land,dec2014BV25,Land_Class_300_dec2014,205.0,190.0,247.0
9,Land,dec2014BV25,Land_Class_300_dec2014,175.0,154.0,209.0
10,Land,dec2014BV25,Land_Class_300_dec2014,237.0,215.0,245.0
11,Land,dec2014BV25,Land_Class_300_dec2014,155.0,121.0,202.0
12,Land,dec2014BV25,Land_Class_300_dec2014,183.0,164.0,201.0
13,Land,dec2014BV25,Land_Class_300_dec2014,231.0,204.0,243.0
14,Land,dec2014BV25,Land_Class_300_dec2014,191.0,163.0,207.0
15,Land,dec2014BV25,Land_Class_300_dec2014,192.0,166.0,210.0
16,Land,dec2014BV25,Land_Class_300_dec2014,206.0,173.0,215.0
17,Land,dec2014BV25,Land_Class_300_dec2014,205.0,180.0,206.0
18,Land,dec2014BV25,Land_Class_300_dec2014,239.0,219.0,236.0
19,Land,dec2014BV25,Land_Class_300_dec2014,216.0,208.0,224.0
20,Land,dec2014BV25,Land_Class_300_dec2014,228.0,199.0,236.0
21,Land,dec2014BV25,Land_Class_300_dec2014,230.0,212.0,242.0
22,Land,dec2014BV25,Land_Class_300_dec2014,170.0,148.0,208.0
23,Land,dec2014BV25,Land_Class_300_dec2014,196.0,173.0,209.0
24,Land,dec2014BV25,Land_Class_300_dec2014,235.0,205.0,234.0
25,Land,dec2014BV25,Land_Class_300_dec2014,225.0,205.0,226.0
26,Land,dec2014BV25,Land_Class_300_dec2014,230.0,209.0,231.0
27,Land,dec2014BV25,Land_Class_300_dec2014,209.0,184.0,214.0
28,Land,dec2014BV25,Land_Class_300_dec2014,190.0,165.0,202.0
29,Land,dec2014BV25,Land_Class_300_dec2014,181.0,160.0,194.0
30,Land,dec2014BV25,Land_Class_300_dec2014,229.0,216.0,225.0
31,Land,dec2014BV25,Land_Class_300_dec2014,214.0,198.0,228.0
32,Land,dec2014BV25,Land_Class_300_dec2014,209.0,185.0,231.0
33,Land,dec2014BV25,Land_Class_300_dec2014,188.0,167.0,211.0
34,Land,dec2014BV25,Land_Class_300_dec2014,191.0,173.0,214.0
35,Land,dec2014BV25,Land_Class_300_dec2014,190.0,169.0,220.0
36,Land,dec2014BV25,Land_Class_300_dec2014,171.0,148.0,207.0
37,Land,dec2014BV25,Land_Class_300_dec2014,195.0,172.0,211.0
38,Land,dec2014BV25,Land_Class_300_dec2014,227.0,211.0,228.0
39,Land,dec2014BV25,Land_Class_300_dec2014,214.0,200.0,226.0
40,Land,dec2014BV25,Land_Class_300_dec2014,221.0,209.0,219.0
41,Land,dec2014BV25,Land_Class_300_dec2014,217.0,192.0,234.0
42,Land,dec2014BV25,Land_Class_300_dec2014,202.0,172.0,222.0
43,Land,dec2014BV25,Land_Class_300_dec2014,184.0,161.0,199.0
44,Land,dec2014BV25,Land_Class_300_dec2014,173.0,146.0,193.0
45,Land,dec2014BV25,Land_Class_300_dec2014,192.0,163.0,209.0
46,Land,dec2014BV25,Land_Class_300_dec2014,204.0,171.0,208.0
47,Land,dec2014BV25,Land_Class_300_dec2014,209.0,188.0,211.0
48,Land,dec2014BV25,Land_Class_300_dec2014,204.0,187.0,219.0
49,Land,dec2014BV25,Land_Class_300_dec2014,153.0,132.0,184.0
50,Land,dec2014BV25,Land_Class_300_dec2014,160.0,132.0,173.0
51,Land,dec2014BV25,Land_Class_300_dec2014,179.0,154.0,192.0
52,Land,dec2014BV25,Land_Class_300_dec2014,220.0,206.0,231.0
53,Land,dec2014BV25,Land_Class_300_dec2014,182.0,146.0,219.0
54,Land,dec2014BV25,Land_Class_300_dec2014,209.0,172.0,222.0
55,Land,dec2014BV25,Land_Class_300_dec2014,209.0,189.0,233.0
56,Land,dec2014BV25,Land_Class_300_dec2014,201.0,186.0,216.0
57,Land,dec2014BV25,Land_Class_300_dec2014,199.0,182.0,220.0
58,Land,dec2014BV25,Land_Class_300_dec2014,231.0,216.0,240.0
59,Land,dec2014BV25,Land_Class_300_dec2014,183.0,156.0,201.0
60,Land,dec2014BV25,Land_Class_300_dec2014,221.0,206.0,233.0
61,Land,dec2014BV25,Land_Class_300_dec2014,198.0,178.0,226.0
62,Land,dec2014BV25,Land_Class_300_dec2014,223.0,205.0,234.0
63,Land,dec2014BV25,Land_Class_300_dec2014,215.0,195.0,227.0
64,Land,dec2014BV25,Land_Class_300_dec2014,204.0,185.0,226.0
65,Land,dec2014BV25,Land_Class_300_dec2014,215.0,195.0,230.0
66,Land,dec2014BV25,Land_Class_300_dec2014,219.0,202.0,241.0
67,Land,dec2014BV25,Land_Class_300_dec2014,200.0,174.0,220.0
68,Land,dec2014BV25,Land_Class_300_dec2014,169.0,150.0,185.0
69,Land,dec2014BV25,Land_Class_300_dec2014,238.0,214.0,239.0
70,Land,dec2014BV25,Land_Class_300_dec2014,234.0,211.0,247.0
72,Land,dec2014BV25,Land_Class_300_dec2014,195.0,177.0,228.0
73,Land,dec2014BV25,Land_Class_300_dec2014,181.0,159.0,208.0
74,Land,dec2014BV25,Land_Class_300_dec2014,214.0,187.0,226.0
75,Land,dec2014BV25,Land_Class_300_dec2014,189.0,162.0,205.0
76,Land,dec2014BV25,Land_Class_300_dec2014,185.0,149.0,196.0
77,Land,dec2014BV25,Land_Class_300_dec2014,171.0,149.0,182.0
78,Land,dec2014BV25,Land_Class_300_dec2014,208.0,186.0,214.0
79,Land,dec2014BV25,Land_Class_300_dec2014,132.0,107.0,164.0
80,Land,dec2014BV25,Land_Class_300_dec2014,213.0,197.0,211.0
81,Land,dec2014BV25,Land_Class_300_dec2014,192.0,160.0,204.0
82,Land,dec2014BV25,Land_Class_300_dec2014,188.0,171.0,203.0
83,Land,dec2014BV25,Land_Class_300_dec2014,227.0,212.0,236.0
84,Land,dec2014BV25,Land_Class_300_dec2014,209.0,188.0,231.0
85,Land,dec2014BV25,Land_Class_300_dec2014,198.0,179.0,215.0
86,Land,dec2014BV25,Land_Class_300_dec2014,194.0,182.0,215.0
87,Land,dec2014BV25,Land_Class_300_dec2014,196.0,176.0,219.0
88,Land,dec2014BV25,Land_Class_300_dec2014,205.0,190.0,224.0
89,Land,dec2014BV25,Land_Class_300_dec2014,190.0,160.0,224.0
90,Land,dec2014BV25,Land_Class_300_dec2014,190.0,169.0,205.0
91,Land,dec2014BV25,Land_Class_300_dec2014,227.0,210.0,246.0
92,Land,dec2014BV25,Land_Class_300_dec2014,209.0,195.0,223.0
93,Land,dec2014BV25,Land_Class_300_dec2014,197.0,175.0,220.0
94,Land,dec2014BV25,Land_Class_300_dec2014,205.0,195.0,206.0
95,Land,dec2014BV25,Land_Class_300_dec2014,180.0,158.0,200.0
96,Land,dec2014BV25,Land_Class_300_dec2014,207.0,184.0,221.0
97,Land,dec2014BV25,Land_Class_300_dec2014,184.0,158.0,201.0
98,Land,dec2014BV25,Land_Class_300_dec2014,182.0,164.0,198.0
99,Land,dec2014BV25,Land_Class_300_dec2014,234.0,208.0,244.0
100,Land,dec2014BV25,Land_Class_300_dec2014,239.0,217.0,252.0
101,Land,dec2014BV25,Land_Class_300_dec2014,209.0,183.0,239.0
102,Land,dec2014BV25,Land_Class_300_dec2014,177.0,145.0,194.0
103,Land,dec2014BV25,Land_Class_300_dec2014,203.0,178.0,212.0
104,Land,dec2014BV25,Land_Class_300_dec2014,204.0,181.0,210.0
105,Land,dec2014BV25,Land_Class_300_dec2014,192.0,168.0,200.0
106,Land,dec2014BV25,Land_Class_300_dec2014,222.0,209.0,224.0
107,Land,dec2014BV25,Land_Class_300_dec2014,186.0,169.0,213.0
108,Land,dec2014BV25,Land_Class_300_dec2014,234.0,216.0,251.0
109,Land,dec2014BV25,Land_Class_300_dec2014,178.0,170.0,209.0
110,Land,dec2014BV25,Land_Class_300_dec2014,230.0,218.0,238.0
111,Land,dec2014BV25,Land_Class_300_dec2014,186.0,174.0,205.0
112,Land,dec2014BV25,Land_Class_300_dec2014,227.0,216.0,236.0
113,Land,dec2014BV25,Land_Class_300_dec2014,179.0,156.0,203.0
114,Land,dec2014BV25,Land_Class_300_dec2014,197.0,175.0,209.0
115,Land,dec2014BV25,Land_Class_300_dec2014,194.0,164.0,215.0
116,Land,dec2014BV25,Land_Class_300_dec2014,205.0,182.0,210.0
117,Land,dec2014BV25,Land_Class_300_dec2014,143.0,125.0,175.0
118,Land,dec2014BV25,Land_Class_300_dec2014,184.0,146.0,190.0
119,Land,dec2014BV25,Land_Class_300_dec2014,160.0,136.0,180.0
120,Land,dec2014BV25,Land_Class_300_dec2014,180.0,150.0,203.0
121,Land,dec2014BV25,Land_Class_300_dec2014,210.0,190.0,240.0
122,Land,dec2014BV25,Land_Class_300_dec2014,186.0,161.0,197.0
123,Land,dec2014BV25,Land_Class_300_dec2014,166.0,141.0,184.0
124,Land,dec2014BV25,Land_Class_300_dec2014,159.0,132.0,185.0
125,Land,dec2014BV25,Land_Class_300_dec2014,207.0,194.0,216.0
126,Land,dec2014BV25,Land_Class_300_dec2014,169.0,152.0,190.0
127,Land,dec2014BV25,Land_Class_300_dec2014,156.0,132.0,178.0
128,Land,dec2014BV25,Land_Class_300_dec2014,208.0,188.0,211.0
129,Land,dec2014BV25,Land_Class_300_dec2014,218.0,195.0,231.0
130,Land,dec2014BV25,Land_Class_300_dec2014,173.0,147.0,178.0
131,Land,dec2014BV25,Land_Class_300_dec2014,207.0,186.0,207.0
132,Land,dec2014BV25,Land_Class_300_dec2014,207.0,185.0,211.0
133,Land,dec2014BV25,Land_Class_300_dec2014,160.0,142.0,166.0
134,Land,dec2014BV25,Land_Class_300_dec2014,198.0,163.0,207.0
135,Land,dec2014BV25,Land_Class_300_dec2014,155.0,137.0,170.0
136,Land,dec2014BV25,Land_Class_300_dec2014,193.0,173.0,198.0
137,Land,dec2014BV25,Land_Class_300_dec2014,197.0,162.0,205.0
138,Land,dec2014BV25,Land_Class_300_dec2014,168.0,147.0,187.0
139,Land,dec2014BV25,Land_Class_300_dec2014,166.0,137.0,202.0
140,Land,dec2014BV25,Land_Class_300_dec2014,203.0,174.0,216.0
141,Land,dec2014BV25,Land_Class_300_dec2014,170.0,155.0,186.0
142,Land,dec2014BV25,Land_Class_300_dec2014,190.0,166.0,205.0
143,Land,dec2014BV25,Land_Class_300_dec2014,170.0,150.0,191.0
144,Land,dec2014BV25,Land_Class_300_dec2014,229.0,216.0,254.0
145,Land,dec2014BV25,Land_Class_300_dec2014,232.0,217.0,234.0
146,Land,dec2014BV25,Land_Class_300_dec2014,216.0,199.0,227.0
147,Land,dec2014BV25,Land_Class_300_dec2014,222.0,208.0,233.0
148,Land,dec2014BV25,Land_Class_300_dec2014,200.0,189.0,223.0
149,Land,dec2014BV25,Land_Class_300_dec2014,208.0,191.0,225.0
150,Land,dec2014BV25,Land_Class_300_dec2014,208.0,195.0,217.0
151,Land,dec2014BV25,Land_Class_300_dec2014,226.0,201.0,240.0
152,Land,dec2014BV25,Land_Class_300_dec2014,205.0,191.0,239.0
153,Land,dec2014BV25,Land_Class_300_dec2014,211.0,202.0,244.0
154,Land,dec2014BV25,Land_Class_300_dec2014,202.0,189.0,243.0
155,Land,dec2014BV25,Land_Class_300_dec2014,217.0,196.0,229.0
156,Land,dec2014BV25,Land_Class_300_dec2014,217.0,199.0,228.0
157,Land,dec2014BV25,Land_Class_300_dec2014,219.0,202.0,245.0
158,Land,dec2014BV25,Land_Class_300_dec2014,212.0,193.0,248.0
159,Land,dec2014BV25,Land_Class_300_dec2014,206.0,184.0,233.0
160,Land,dec2014BV25,Land_Class_300_dec2014,216.0,201.0,238.0
161,Land,dec2014BV25,Land_Class_300_dec2014,223.0,203.0,219.0
162,Land,dec2014BV25,Land_Class_300_dec2014,214.0,201.0,225.0
163,Land,dec2014BV25,Land_Class_300_dec2014,232.0,208.0,235.0
164,Land,dec2014BV25,Land_Class_300_dec2014,244.0,236.0,247.0
165,Land,dec2014BV25,Land_Class_300_dec2014,209.0,186.0,226.0
166,Land,dec2014BV25,Land_Class_300_dec2014,234.0,221.0,240.0
167,Land,dec2014BV25,Land_Class_300_dec2014,229.0,212.0,238.0
168,Land,dec2014BV25,Land_Class_300_dec2014,206.0,182.0,220.0
169,Land,dec2014BV25,Land_Class_300_dec2014,172.0,144.0,188.0
170,Land,dec2014BV25,Land_Class_300_dec2014,193.0,177.0,207.0
171,Land,dec2014BV25,Land_Class_300_dec2014,223.0,198.0,228.0
172,Land,dec2014BV25,Land_Class_300_dec2014,216.0,197.0,219.0
173,Land,dec2014BV25,Land_Class_300_dec2014,216.0,204.0,215.0
174,Land,dec2014BV25,Land_Class_300_dec2014,200.0,175.0,210.0
175,Land,dec2014BV25,Land_Class_300_dec2014,200.0,171.0,235.0
176,Land,dec2014BV25,Land_Class_300_dec2014,116.0,97.0,155.0
177,Land,dec2014BV25,Land_Class_300_dec2014,216.0,201.0,222.0
178,Land,dec2014BV25,Land_Class_300_dec2014,216.0,195.0,231.0
179,Land,dec2014BV25,Land_Class_300_dec2014,219.0,203.0,220.0
180,Land,dec2014BV25,Land_Class_300_dec2014,215.0,198.0,222.0
181,Land,dec2014BV25,Land_Class_300_dec2014,194.0,174.0,200.0
182,Land,dec2014BV25,Land_Class_300_dec2014,196.0,171.0,206.0
183,Land,dec2014BV25,Land_Class_300_dec2014,181.0,160.0,206.0
184,Land,dec2014BV25,Land_Class_300_dec2014,190.0,161.0,194.0
185,Land,dec2014BV25,Land_Class_300_dec2014,191.0,164.0,200.0
186,Land,dec2014BV25,Land_Class_300_dec2014,237.0,230.0,239.0
187,Land,dec2014BV25,Land_Class_300_dec2014,194.0,162.0,207.0
188,Land,dec2014BV25,Land_Class_300_dec2014,132.0,112.0,165.0
189,Land,dec2014BV25,Land_Class_300_dec2014,188.0,163.0,202.0
190,Land,dec2014BV25,Land_Class_300_dec2014,208.0,182.0,217.0
191,Land,dec2014BV25,Land_Class_300_dec2014,181.0,161.0,192.0
192,Land,dec2014BV25,Land_Class_300_dec2014,216.0,193.0,220.0
193,Land,dec2014BV25,Land_Class_300_dec2014,166.0,141.0,219.0
194,Land,dec2014BV25,Land_Class_300_dec2014,82.0,70.0,131.0
195,Land,dec2014BV25,Land_Class_300_dec2014,219.0,201.0,223.0
196,Land,dec2014BV25,Land_Class_300_dec2014,234.0,212.0,239.0
197,Land,dec2014BV25,Land_Class_300_dec2014,225.0,198.0,227.0
198,Land,dec2014BV25,Land_Class_300_dec2014,184.0,164.0,195.0
199,Land,dec2014BV25,Land_Class_300_dec2014,182.0,163.0,192.0
200,Land,dec2014BV25,Land_Class_300_dec2014,176.0,155.0,195.0
201,Land,dec2014BV25,Land_Class_300_dec2014,208.0,186.0,240.0
202,Land,dec2014BV25,Land_Class_300_dec2014,243.0,226.0,247.0
203,Land,dec2014BV25,Land_Class_300_dec2014,161.0,136.0,202.0
204,Land,dec2014BV25,Land_Class_300_dec2014,189.0,174.0,231.0
205,Land,dec2014BV25,Land_Class_300_dec2014,255.0,239.0,253.0
206,Land,dec2014BV25,Land_Class_300_dec2014,216.0,189.0,236.0
207,Land,dec2014BV25,Land_Class_300_dec2014,172.0,151.0,194.0
208,Land,dec2014BV25,Land_Class_300_dec2014,175.0,151.0,207.0
209,Land,dec2014BV25,Land_Class_300_dec2014,200.0,187.0,225.0
210,Land,dec2014BV25,Land_Class_300_dec2014,214.0,197.0,228.0
211,Land,dec2014BV25,Land_Class_300_dec2014,219.0,203.0,226.0
212,Land,dec2014BV25,Land_Class_300_dec2014,211.0,197.0,218.0
213,Land,dec2014BV25,Land_Class_300_dec2014,206.0,184.0,225.0
214,Land,dec2014BV25,Land_Class_300_dec2014,223.0,200.0,243.0
215,Land,dec2014BV25,Land_Class_300_dec2014,213.0,191.0,228.0
216,Land,dec2014BV25,Land_Class_300_dec2014,240.0,230.0,247.0
217,Land,dec2014BV25,Land_Class_300_dec2014,207.0,182.0,219.0
218,Land,dec2014BV25,Land_Class_300_dec2014,176.0,152.0,197.0
219,Land,dec2014BV25,Land_Class_300_dec2014,186.0,166.0,195.0
220,Land,dec2014BV25,Land_Class_300_dec2014,199.0,176.0,210.0
221,Land,dec2014BV25,Land_Class_300_dec2014,180.0,156.0,206.0
222,Land,dec2014BV25,Land_Class_300_dec2014,190.0,168.0,200.0
223,Land,dec2014BV25,Land_Class_300_dec2014,191.0,167.0,204.0
224,Land,dec2014BV25,Land_Class_300_dec2014,235.0,217.0,237.0
225,Land,dec2014BV25,Land_Class_300_dec2014,220.0,205.0,227.0
226,Land,dec2014BV25,Land_Class_300_dec2014,223.0,209.0,234.0
227,Land,dec2014BV25,Land_Class_300_dec2014,202.0,173.0,214.0
228,Land,dec2014BV25,Land_Class_300_dec2014,194.0,167.0,210.0
229,Land,dec2014BV25,Land_Class_300_dec2014,181.0,161.0,195.0
230,Land,dec2014BV25,Land_Class_300_dec2014,161.0,130.0,180.0
231,Land,dec2014BV25,Land_Class_300_dec2014,218.0,190.0,224.0
232,Land,dec2014BV25,Land_Class_300_dec2014,213.0,187.0,232.0
233,Land,dec2014BV25,Land_Class_300_dec2014,233.0,213.0,238.0
234,Land,dec2014BV25,Land_Class_300_dec2014,213.0,191.0,219.0
235,Land,dec2014BV25,Land_Class_300_dec2014,192.0,161.0,199.0
236,Land,dec2014BV25,Land_Class_300_dec2014,222.0,194.0,228.0
237,Land,dec2014BV25,Land_Class_300_dec2014,179.0,155.0,228.0
238,Land,dec2014BV25,Land_Class_300_dec2014,165.0,146.0,193.0
239,Land,dec2014BV25,Land_Class_300_dec2014,204.0,159.0,238.0
240,Land,dec2014BV25,Land_Class_300_dec2014,137.0,116.0,183.0
241,Land,dec2014BV25,Land_Class_300_dec2014,107.0,94.0,144.0
242,Land,dec2014BV25,Land_Class_300_dec2014,172.0,153.0,200.0
243,Land,dec2014BV25,Land_Class_300_dec2014,182.0,173.0,195.0
244,Land,dec2014BV25,Land_Class_300_dec2014,161.0,137.0,191.0
245,Land,dec2014BV25,Land_Class_300_dec2014,195.0,168.0,204.0
246,Land,dec2014BV25,Land_Class_300_dec2014,198.0,181.0,204.0
247,Land,dec2014BV25,Land_Class_300_dec2014,230.0,220.0,230.0
248,Land,dec2014BV25,Land_Class_300_dec2014,219.0,190.0,232.0
249,Land,dec2014BV25,Land_Class_300_dec2014,220.0,203.0,220.0
250,Land,dec2014BV25,Land_Class_300_dec2014,168.0,136.0,184.0
251,Land,dec2014BV25,Land_Class_300_dec2014,185.0,151.0,192.0
252,Land,dec2014BV25,Land_Class_300_dec2014,201.0,180.0,201.0
253,Land,dec2014BV25,Land_Class_300_dec2014,219.0,198.0,225.0
254,Land,dec2014BV25,Land_Class_300_dec2014,210.0,179.0,211.0
255,Land,dec2014BV25,Land_Class_300_dec2014,227.0,203.0,225.0
256,Land,dec2014BV25,Land_Class_300_dec2014,228.0,200.0,221.0
257,Land,dec2014BV25,Land_Class_300_dec2014,186.0,170.0,187.0
258,Land,dec2014BV25,Land_Class_300_dec2014,83.0,83.0,119.0
259,Land,dec2014BV25,Land_Class_300_dec2014,77.0,77.0,113.0
260,Land,dec2014BV25,Land_Class_300_dec2014,150.0,115.0,214.0
261,Land,dec2014BV25,Land_Class_300_dec2014,203.0,176.0,240.0
262,Land,dec2014BV25,Land_Class_300_dec2014,200.0,162.0,209.0
263,Land,dec2014BV25,Land_Class_300_dec2014,190.0,155.0,202.0
264,Land,dec2014BV25,Land_Class_300_dec2014,76.0,70.0,98.0
265,Land,dec2014BV25,Land_Class_300_dec2014,162.0,128.0,211.0
266,Land,dec2014BV25,Land_Class_300_dec2014,182.0,156.0,234.0
267,Land,dec2014BV25,Land_Class_300_dec2014,188.0,150.0,237.0
268,Land,dec2014BV25,Land_Class_300_dec2014,236.0,224.0,233.0
269,Land,dec2014BV25,Land_Class_300_dec2014,104.0,76.0,140.0
270,Land,dec2014BV25,Land_Class_300_dec2014,183.0,170.0,186.0
271,Land,dec2014BV25,Land_Class_300_dec2014,184.0,154.0,209.0
272,Land,dec2014BV25,Land_Class_300_dec2014,113.0,100.0,140.0
273,Land,dec2014BV25,Land_Class_300_dec2014,160.0,145.0,177.0
274,Land,dec2014BV25,Land_Class_300_dec2014,147.0,120.0,163.0
275,Land,dec2014BV25,Land_Class_300_dec2014,137.0,118.0,163.0
276,Land,dec2014BV25,Land_Class_300_dec2014,180.0,144.0,196.0
277,Land,dec2014BV25,Land_Class_300_dec2014,139.0,111.0,154.0
278,Land,dec2014BV25,Land_Class_300_dec2014,194.0,166.0,231.0
279,Land,dec2014BV25,Land_Class_300_dec2014,78.0,75.0,103.0
280,Land,dec2014BV25,Land_Class_300_dec2014,171.0,139.0,185.0
281,Land,dec2014BV25,Land_Class_300_dec2014,169.0,136.0,197.0
282,Land,dec2014BV25,Land_Class_300_dec2014,188.0,165.0,223.0
283,Land,dec2014BV25,Land_Class_300_dec2014,175.0,155.0,185.0
284,Land,dec2014BV25,Land_Class_300_dec2014,191.0,168.0,199.0
285,Land,dec2014BV25,Land_Class_300_dec2014,204.0,182.0,205.0
286,Land,dec2014BV25,Land_Class_300_dec2014,199.0,180.0,201.0
287,Land,dec2014BV25,Land_Class_300_dec2014,165.0,146.0,196.0
288,Land,dec2014BV25,Land_Class_300_dec2014,211.0,186.0,224.0
289,Land,dec2014BV25,Land_Class_300_dec2014,213.0,181.0,221.0
290,Land,dec2014BV25,Land_Class_300_dec2014,216.0,202.0,222.0
291,Land,dec2014BV25,Land_Class_300_dec2014,191.0,160.0,198.0
292,Land,dec2014BV25,Land_Class_300_dec2014,193.0,170.0,214.0
293,Land,dec2014BV25,Land_Class_300_dec2014,195.0,169.0,207.0
294,Land,dec2014BV25,Land_Class_300_dec2014,226.0,213.0,226.0
295,Land,dec2014BV25,Land_Class_300_dec2014,182.0,165.0,189.0
296,Land,dec2014BV25,Land_Class_300_dec2014,198.0,165.0,224.0
297,Land,dec2014BV25,Land_Class_300_dec2014,231.0,220.0,230.0
298,Land,dec2014BV25,Land_Class_300_dec2014,226.0,200.0,232.0
299,Land,dec2014BV25,Land_Class_300_dec2014,233.0,207.0,235.0
0,Water,dec2014BV25,Water_Class_300_dec2014,125.0,148.0,128.0
1,Water,dec2014BV25,Water_Class_300_dec2014,100.0,117.0,105.0
2,Water,dec2014BV25,Water_Class_300_dec2014,137.0,150.0,152.0
3,Water,dec2014BV25,Water_Class_300_dec2014,100.0,114.0,113.0
4,Water,dec2014BV25,Water_Class_300_dec2014,72.0,69.0,98.0
5,Water,dec2014BV25,Water_Class_300_dec2014,126.0,125.0,129.0
6,Water,dec2014BV25,Water_Class_300_dec2014,72.0,66.0,100.0
7,Water,dec2014BV25,Water_Class_300_dec2014,181.0,159.0,189.0
8,Water,dec2014BV25,Water_Class_300_dec2014,165.0,129.0,191.0
9,Water,dec2014BV25,Water_Class_300_dec2014,203.0,189.0,206.0
10,Water,dec2014BV25,Water_Class_300_dec2014,130.0,153.0,128.0
11,Water,dec2014BV25,Water_Class_300_dec2014,145.0,167.0,136.0
12,Water,dec2014BV25,Water_Class_300_dec2014,139.0,159.0,138.0
13,Water,dec2014BV25,Water_Class_300_dec2014,136.0,157.0,135.0
14,Water,dec2014BV25,Water_Class_300_dec2014,77.0,94.0,80.0
15,Water,dec2014BV25,Water_Class_300_dec2014,119.0,114.0,135.0
16,Water,dec2014BV25,Water_Class_300_dec2014,82.0,84.0,91.0
17,Water,dec2014BV25,Water_Class_300_dec2014,73.0,87.0,85.0
18,Water,dec2014BV25,Water_Class_300_dec2014,60.0,61.0,77.0
19,Water,dec2014BV25,Water_Class_300_dec2014,92.0,112.0,112.0
20,Water,dec2014BV25,Water_Class_300_dec2014,85.0,79.0,105.0
21,Water,dec2014BV25,Water_Class_300_dec2014,65.0,61.0,81.0
22,Water,dec2014BV25,Water_Class_300_dec2014,54.0,69.0,59.0
23,Water,dec2014BV25,Water_Class_300_dec2014,50.0,54.0,63.0
24,Water,dec2014BV25,Water_Class_300_dec2014,99.0,96.0,106.0
25,Water,dec2014BV25,Water_Class_300_dec2014,78.0,94.0,86.0
26,Water,dec2014BV25,Water_Class_300_dec2014,64.0,71.0,85.0
27,Water,dec2014BV25,Water_Class_300_dec2014,98.0,108.0,93.0
28,Water,dec2014BV25,Water_Class_300_dec2014,148.0,143.0,158.0
29,Water,dec2014BV25,Water_Class_300_dec2014,60.0,69.0,68.0
30,Water,dec2014BV25,Water_Class_300_dec2014,52.0,65.0,61.0
31,Water,dec2014BV25,Water_Class_300_dec2014,95.0,101.0,102.0
32,Water,dec2014BV25,Water_Class_300_dec2014,95.0,107.0,95.0
33,Water,dec2014BV25,Water_Class_300_dec2014,110.0,110.0,111.0
34,Water,dec2014BV25,Water_Class_300_dec2014,89.0,111.0,88.0
35,Water,dec2014BV25,Water_Class_300_dec2014,88.0,97.0,94.0
36,Water,dec2014BV25,Water_Class_300_dec2014,79.0,89.0,91.0
37,Water,dec2014BV25,Water_Class_300_dec2014,76.0,89.0,81.0
38,Water,dec2014BV25,Water_Class_300_dec2014,97.0,107.0,99.0
39,Water,dec2014BV25,Water_Class_300_dec2014,76.0,93.0,74.0
40,Water,dec2014BV25,Water_Class_300_dec2014,82.0,104.0,72.0
41,Water,dec2014BV25,Water_Class_300_dec2014,55.0,67.0,57.0
42,Water,dec2014BV25,Water_Class_300_dec2014,57.0,82.0,57.0
43,Water,dec2014BV25,Water_Class_300_dec2014,48.0,71.0,56.0
44,Water,dec2014BV25,Water_Class_300_dec2014,53.0,79.0,53.0
45,Water,dec2014BV25,Water_Class_300_dec2014,52.0,78.0,57.0
46,Water,dec2014BV25,Water_Class_300_dec2014,81.0,97.0,89.0
47,Water,dec2014BV25,Water_Class_300_dec2014,68.0,96.0,63.0
48,Water,dec2014BV25,Water_Class_300_dec2014,74.0,109.0,77.0
49,Water,dec2014BV25,Water_Class_300_dec2014,141.0,165.0,140.0
50,Water,dec2014BV25,Water_Class_300_dec2014,132.0,154.0,138.0
51,Water,dec2014BV25,Water_Class_300_dec2014,119.0,120.0,139.0
52,Water,dec2014BV25,Water_Class_300_dec2014,103.0,111.0,101.0
53,Water,dec2014BV25,Water_Class_300_dec2014,97.0,125.0,116.0
54,Water,dec2014BV25,Water_Class_300_dec2014,110.0,111.0,127.0
55,Water,dec2014BV25,Water_Class_300_dec2014,130.0,143.0,149.0
58,Water,dec2014BV25,Water_Class_300_dec2014,113.0,114.0,120.0
59,Water,dec2014BV25,Water_Class_300_dec2014,57.0,61.0,67.0
60,Water,dec2014BV25,Water_Class_300_dec2014,51.0,56.0,58.0
61,Water,dec2014BV25,Water_Class_300_dec2014,76.0,96.0,82.0
62,Water,dec2014BV25,Water_Class_300_dec2014,140.0,156.0,147.0
63,Water,dec2014BV25,Water_Class_300_dec2014,146.0,167.0,145.0
64,Water,dec2014BV25,Water_Class_300_dec2014,102.0,109.0,119.0
65,Water,dec2014BV25,Water_Class_300_dec2014,117.0,140.0,120.0
66,Water,dec2014BV25,Water_Class_300_dec2014,127.0,136.0,125.0
67,Water,dec2014BV25,Water_Class_300_dec2014,78.0,84.0,105.0
68,Water,dec2014BV25,Water_Class_300_dec2014,228.0,196.0,238.0
69,Water,dec2014BV25,Water_Class_300_dec2014,207.0,179.0,216.0
70,Water,dec2014BV25,Water_Class_300_dec2014,116.0,117.0,118.0
71,Water,dec2014BV25,Water_Class_300_dec2014,73.0,67.0,103.0
72,Water,dec2014BV25,Water_Class_300_dec2014,179.0,149.0,193.0
73,Water,dec2014BV25,Water_Class_300_dec2014,175.0,159.0,188.0
74,Water,dec2014BV25,Water_Class_300_dec2014,157.0,129.0,168.0
75,Water,dec2014BV25,Water_Class_300_dec2014,157.0,119.0,183.0
76,Water,dec2014BV25,Water_Class_300_dec2014,55.0,60.0,70.0
77,Water,dec2014BV25,Water_Class_300_dec2014,187.0,174.0,194.0
78,Water,dec2014BV25,Water_Class_300_dec2014,45.0,43.0,86.0
79,Water,dec2014BV25,Water_Class_300_dec2014,73.0,71.0,79.0
80,Water,dec2014BV25,Water_Class_300_dec2014,76.0,71.0,99.0
81,Water,dec2014BV25,Water_Class_300_dec2014,84.0,99.0,88.0
82,Water,dec2014BV25,Water_Class_300_dec2014,111.0,92.0,146.0
83,Water,dec2014BV25,Water_Class_300_dec2014,84.0,87.0,95.0
84,Water,dec2014BV25,Water_Class_300_dec2014,68.0,80.0,78.0
85,Water,dec2014BV25,Water_Class_300_dec2014,88.0,83.0,111.0
86,Water,dec2014BV25,Water_Class_300_dec2014,138.0,120.0,151.0
87,Water,dec2014BV25,Water_Class_300_dec2014,86.0,105.0,87.0
88,Water,dec2014BV25,Water_Class_300_dec2014,195.0,172.0,208.0
89,Water,dec2014BV25,Water_Class_300_dec2014,50.0,57.0,67.0
90,Water,dec2014BV25,Water_Class_300_dec2014,87.0,87.0,92.0
91,Water,dec2014BV25,Water_Class_300_dec2014,51.0,55.0,59.0
92,Water,dec2014BV25,Water_Class_300_dec2014,101.0,101.0,102.0
93,Water,dec2014BV25,Water_Class_300_dec2014,139.0,134.0,137.0
94,Water,dec2014BV25,Water_Class_300_dec2014,152.0,140.0,163.0
95,Water,dec2014BV25,Water_Class_300_dec2014,83.0,101.0,94.0
96,Water,dec2014BV25,Water_Class_300_dec2014,83.0,83.0,89.0
97,Water,dec2014BV25,Water_Class_300_dec2014,69.0,93.0,82.0
98,Water,dec2014BV25,Water_Class_300_dec2014,144.0,131.0,154.0
99,Water,dec2014BV25,Water_Class_300_dec2014,109.0,132.0,100.0
100,Water,dec2014BV25,Water_Class_300_dec2014,92.0,102.0,93.0
101,Water,dec2014BV25,Water_Class_300_dec2014,130.0,124.0,135.0
102,Water,dec2014BV25,Water_Class_300_dec2014,83.0,93.0,93.0
103,Water,dec2014BV25,Water_Class_300_dec2014,87.0,86.0,98.0
104,Water,dec2014BV25,Water_Class_300_dec2014,82.0,78.0,100.0
105,Water,dec2014BV25,Water_Class_300_dec2014,145.0,139.0,144.0
106,Water,dec2014BV25,Water_Class_300_dec2014,93.0,105.0,90.0
107,Water,dec2014BV25,Water_Class_300_dec2014,91.0,87.0,108.0
108,Water,dec2014BV25,Water_Class_300_dec2014,102.0,106.0,109.0
109,Water,dec2014BV25,Water_Class_300_dec2014,48.0,51.0,73.0
110,Water,dec2014BV25,Water_Class_300_dec2014,84.0,94.0,93.0
111,Water,dec2014BV25,Water_Class_300_dec2014,111.0,104.0,114.0
112,Water,dec2014BV25,Water_Class_300_dec2014,103.0,96.0,114.0
113,Water,dec2014BV25,Water_Class_300_dec2014,103.0,100.0,116.0
114,Water,dec2014BV25,Water_Class_300_dec2014,120.0,103.0,134.0
115,Water,dec2014BV25,Water_Class_300_dec2014,67.0,69.0,77.0
116,Water,dec2014BV25,Water_Class_300_dec2014,38.0,44.0,56.0
117,Water,dec2014BV25,Water_Class_300_dec2014,73.0,76.0,79.0
118,Water,dec2014BV25,Water_Class_300_dec2014,87.0,87.0,96.0
119,Water,dec2014BV25,Water_Class_300_dec2014,76.0,80.0,82.0
120,Water,dec2014BV25,Water_Class_300_dec2014,77.0,80.0,80.0
121,Water,dec2014BV25,Water_Class_300_dec2014,110.0,109.0,107.0
122,Water,dec2014BV25,Water_Class_300_dec2014,50.0,61.0,59.0
123,Water,dec2014BV25,Water_Class_300_dec2014,113.0,116.0,109.0
124,Water,dec2014BV25,Water_Class_300_dec2014,71.0,76.0,70.0
125,Water,dec2014BV25,Water_Class_300_dec2014,62.0,59.0,96.0
126,Water,dec2014BV25,Water_Class_300_dec2014,101.0,98.0,118.0
127,Water,dec2014BV25,Water_Class_300_dec2014,104.0,115.0,108.0
128,Water,dec2014BV25,Water_Class_300_dec2014,180.0,152.0,198.0
129,Water,dec2014BV25,Water_Class_300_dec2014,82.0,87.0,89.0
130,Water,dec2014BV25,Water_Class_300_dec2014,129.0,134.0,126.0
131,Water,dec2014BV25,Water_Class_300_dec2014,99.0,100.0,115.0
132,Water,dec2014BV25,Water_Class_300_dec2014,80.0,105.0,97.0
133,Water,dec2014BV25,Water_Class_300_dec2014,145.0,141.0,147.0
134,Water,dec2014BV25,Water_Class_300_dec2014,113.0,112.0,115.0
135,Water,dec2014BV25,Water_Class_300_dec2014,115.0,115.0,119.0
136,Water,dec2014BV25,Water_Class_300_dec2014,98.0,103.0,97.0
137,Water,dec2014BV25,Water_Class_300_dec2014,99.0,100.0,101.0
138,Water,dec2014BV25,Water_Class_300_dec2014,84.0,87.0,92.0
139,Water,dec2014BV25,Water_Class_300_dec2014,130.0,123.0,144.0
140,Water,dec2014BV25,Water_Class_300_dec2014,84.0,90.0,91.0
141,Water,dec2014BV25,Water_Class_300_dec2014,71.0,82.0,82.0
142,Water,dec2014BV25,Water_Class_300_dec2014,107.0,96.0,129.0
143,Water,dec2014BV25,Water_Class_300_dec2014,85.0,84.0,92.0
144,Water,dec2014BV25,Water_Class_300_dec2014,105.0,98.0,113.0
145,Water,dec2014BV25,Water_Class_300_dec2014,75.0,89.0,85.0
146,Water,dec2014BV25,Water_Class_300_dec2014,104.0,114.0,112.0
147,Water,dec2014BV25,Water_Class_300_dec2014,105.0,121.0,107.0
148,Water,dec2014BV25,Water_Class_300_dec2014,83.0,83.0,98.0
149,Water,dec2014BV25,Water_Class_300_dec2014,86.0,90.0,101.0
150,Water,dec2014BV25,Water_Class_300_dec2014,157.0,151.0,166.0
151,Water,dec2014BV25,Water_Class_300_dec2014,138.0,136.0,134.0
152,Water,dec2014BV25,Water_Class_300_dec2014,102.0,96.0,105.0
153,Water,dec2014BV25,Water_Class_300_dec2014,142.0,143.0,135.0
154,Water,dec2014BV25,Water_Class_300_dec2014,81.0,81.0,96.0
155,Water,dec2014BV25,Water_Class_300_dec2014,176.0,156.0,187.0
156,Water,dec2014BV25,Water_Class_300_dec2014,166.0,146.0,184.0
157,Water,dec2014BV25,Water_Class_300_dec2014,81.0,109.0,87.0
158,Water,dec2014BV25,Water_Class_300_dec2014,101.0,117.0,114.0
159,Water,dec2014BV25,Water_Class_300_dec2014,84.0,80.0,102.0
160,Water,dec2014BV25,Water_Class_300_dec2014,93.0,99.0,94.0
161,Water,dec2014BV25,Water_Class_300_dec2014,117.0,120.0,114.0
162,Water,dec2014BV25,Water_Class_300_dec2014,77.0,86.0,82.0
163,Water,dec2014BV25,Water_Class_300_dec2014,123.0,120.0,126.0
164,Water,dec2014BV25,Water_Class_300_dec2014,97.0,96.0,120.0
165,Water,dec2014BV25,Water_Class_300_dec2014,84.0,94.0,86.0
166,Water,dec2014BV25,Water_Class_300_dec2014,182.0,168.0,195.0
167,Water,dec2014BV25,Water_Class_300_dec2014,142.0,163.0,141.0
168,Water,dec2014BV25,Water_Class_300_dec2014,132.0,152.0,137.0
169,Water,dec2014BV25,Water_Class_300_dec2014,144.0,173.0,151.0
170,Water,dec2014BV25,Water_Class_300_dec2014,146.0,165.0,142.0
171,Water,dec2014BV25,Water_Class_300_dec2014,169.0,170.0,189.0
173,Water,dec2014BV25,Water_Class_300_dec2014,91.0,108.0,106.0
174,Water,dec2014BV25,Water_Class_300_dec2014,63.0,65.0,94.0
175,Water,dec2014BV25,Water_Class_300_dec2014,88.0,91.0,117.0
176,Water,dec2014BV25,Water_Class_300_dec2014,107.0,102.0,125.0
177,Water,dec2014BV25,Water_Class_300_dec2014,56.0,55.0,85.0
178,Water,dec2014BV25,Water_Class_300_dec2014,84.0,80.0,101.0
179,Water,dec2014BV25,Water_Class_300_dec2014,60.0,60.0,90.0
180,Water,dec2014BV25,Water_Class_300_dec2014,106.0,100.0,121.0
181,Water,dec2014BV25,Water_Class_300_dec2014,51.0,53.0,69.0
182,Water,dec2014BV25,Water_Class_300_dec2014,81.0,94.0,84.0
183,Water,dec2014BV25,Water_Class_300_dec2014,118.0,116.0,126.0
184,Water,dec2014BV25,Water_Class_300_dec2014,66.0,77.0,71.0
185,Water,dec2014BV25,Water_Class_300_dec2014,67.0,62.0,81.0
186,Water,dec2014BV25,Water_Class_300_dec2014,76.0,72.0,97.0
187,Water,dec2014BV25,Water_Class_300_dec2014,59.0,53.0,81.0
188,Water,dec2014BV25,Water_Class_300_dec2014,98.0,101.0,95.0
189,Water,dec2014BV25,Water_Class_300_dec2014,98.0,100.0,99.0
190,Water,dec2014BV25,Water_Class_300_dec2014,86.0,101.0,86.0
191,Water,dec2014BV25,Water_Class_300_dec2014,91.0,112.0,88.0
192,Water,dec2014BV25,Water_Class_300_dec2014,92.0,111.0,92.0
193,Water,dec2014BV25,Water_Class_300_dec2014,70.0,89.0,62.0
194,Water,dec2014BV25,Water_Class_300_dec2014,47.0,70.0,45.0
195,Water,dec2014BV25,Water_Class_300_dec2014,102.0,105.0,98.0
196,Water,dec2014BV25,Water_Class_300_dec2014,34.0,35.0,51.0
197,Water,dec2014BV25,Water_Class_300_dec2014,102.0,103.0,97.0
198,Water,dec2014BV25,Water_Class_300_dec2014,102.0,102.0,102.0
199,Water,dec2014BV25,Water_Class_300_dec2014,126.0,152.0,124.0
200,Water,dec2014BV25,Water_Class_300_dec2014,106.0,119.0,122.0
201,Water,dec2014BV25,Water_Class_300_dec2014,89.0,92.0,123.0
202,Water,dec2014BV25,Water_Class_300_dec2014,105.0,119.0,109.0
203,Water,dec2014BV25,Water_Class_300_dec2014,67.0,85.0,95.0
204,Water,dec2014BV25,Water_Class_300_dec2014,79.0,94.0,92.0
205,Water,dec2014BV25,Water_Class_300_dec2014,85.0,100.0,110.0
206,Water,dec2014BV25,Water_Class_300_dec2014,61.0,65.0,84.0
207,Water,dec2014BV25,Water_Class_300_dec2014,88.0,95.0,101.0
208,Water,dec2014BV25,Water_Class_300_dec2014,117.0,109.0,138.0
209,Water,dec2014BV25,Water_Class_300_dec2014,96.0,93.0,115.0
210,Water,dec2014BV25,Water_Class_300_dec2014,112.0,107.0,127.0
211,Water,dec2014BV25,Water_Class_300_dec2014,118.0,110.0,138.0
212,Water,dec2014BV25,Water_Class_300_dec2014,109.0,104.0,124.0
213,Water,dec2014BV25,Water_Class_300_dec2014,121.0,111.0,126.0
214,Water,dec2014BV25,Water_Class_300_dec2014,81.0,84.0,93.0
215,Water,dec2014BV25,Water_Class_300_dec2014,59.0,72.0,72.0
216,Water,dec2014BV25,Water_Class_300_dec2014,63.0,71.0,72.0
217,Water,dec2014BV25,Water_Class_300_dec2014,56.0,64.0,67.0
218,Water,dec2014BV25,Water_Class_300_dec2014,60.0,68.0,72.0
219,Water,dec2014BV25,Water_Class_300_dec2014,61.0,78.0,78.0
220,Water,dec2014BV25,Water_Class_300_dec2014,80.0,85.0,95.0
221,Water,dec2014BV25,Water_Class_300_dec2014,78.0,96.0,83.0
222,Water,dec2014BV25,Water_Class_300_dec2014,98.0,119.0,100.0
223,Water,dec2014BV25,Water_Class_300_dec2014,133.0,136.0,124.0
224,Water,dec2014BV25,Water_Class_300_dec2014,126.0,119.0,139.0
225,Water,dec2014BV25,Water_Class_300_dec2014,93.0,105.0,95.0
226,Water,dec2014BV25,Water_Class_300_dec2014,91.0,113.0,92.0
227,Water,dec2014BV25,Water_Class_300_dec2014,91.0,108.0,88.0
228,Water,dec2014BV25,Water_Class_300_dec2014,90.0,99.0,92.0
229,Water,dec2014BV25,Water_Class_300_dec2014,88.0,98.0,95.0
230,Water,dec2014BV25,Water_Class_300_dec2014,85.0,86.0,106.0
231,Water,dec2014BV25,Water_Class_300_dec2014,97.0,105.0,102.0
232,Water,dec2014BV25,Water_Class_300_dec2014,94.0,110.0,97.0
233,Water,dec2014BV25,Water_Class_300_dec2014,68.0,62.0,90.0
234,Water,dec2014BV25,Water_Class_300_dec2014,98.0,99.0,98.0
235,Water,dec2014BV25,Water_Class_300_dec2014,87.0,86.0,90.0
236,Water,dec2014BV25,Water_Class_300_dec2014,40.0,40.0,59.0
237,Water,dec2014BV25,Water_Class_300_dec2014,70.0,70.0,88.0
238,Water,dec2014BV25,Water_Class_300_dec2014,108.0,104.0,120.0
239,Water,dec2014BV25,Water_Class_300_dec2014,71.0,67.0,90.0
240,Water,dec2014BV25,Water_Class_300_dec2014,57.0,53.0,76.0
241,Water,dec2014BV25,Water_Class_300_dec2014,67.0,62.0,91.0
242,Water,dec2014BV25,Water_Class_300_dec2014,53.0,51.0,79.0
243,Water,dec2014BV25,Water_Class_300_dec2014,63.0,65.0,89.0
244,Water,dec2014BV25,Water_Class_300_dec2014,80.0,92.0,81.0
245,Water,dec2014BV25,Water_Class_300_dec2014,77.0,90.0,79.0
246,Water,dec2014BV25,Water_Class_300_dec2014,52.0,60.0,74.0
247,Water,dec2014BV25,Water_Class_300_dec2014,70.0,85.0,81.0
248,Water,dec2014BV25,Water_Class_300_dec2014,60.0,74.0,72.0
249,Water,dec2014BV25,Water_Class_300_dec2014,58.0,62.0,71.0
250,Water,dec2014BV25,Water_Class_300_dec2014,50.0,59.0,66.0
251,Water,dec2014BV25,Water_Class_300_dec2014,121.0,120.0,123.0
252,Water,dec2014BV25,Water_Class_300_dec2014,107.0,111.0,103.0
253,Water,dec2014BV25,Water_Class_300_dec2014,142.0,165.0,149.0
254,Water,dec2014BV25,Water_Class_300_dec2014,136.0,168.0,126.0
255,Water,dec2014BV25,Water_Class_300_dec2014,128.0,145.0,125.0
256,Water,dec2014BV25,Water_Class_300_dec2014,120.0,136.0,112.0
257,Water,dec2014BV25,Water_Class_300_dec2014,131.0,149.0,127.0
258,Water,dec2014BV25,Water_Class_300_dec2014,142.0,154.0,139.0
259,Water,dec2014BV25,Water_Class_300_dec2014,112.0,123.0,122.0
260,Water,dec2014BV25,Water_Class_300_dec2014,138.0,146.0,148.0
261,Water,dec2014BV25,Water_Class_300_dec2014,120.0,136.0,123.0
262,Water,dec2014BV25,Water_Class_300_dec2014,126.0,162.0,114.0
263,Water,dec2014BV25,Water_Class_300_dec2014,146.0,172.0,140.0
264,Water,dec2014BV25,Water_Class_300_dec2014,144.0,169.0,140.0
265,Water,dec2014BV25,Water_Class_300_dec2014,121.0,143.0,120.0
266,Water,dec2014BV25,Water_Class_300_dec2014,131.0,157.0,135.0
267,Water,dec2014BV25,Water_Class_300_dec2014,107.0,131.0,102.0
268,Water,dec2014BV25,Water_Class_300_dec2014,125.0,143.0,130.0
269,Water,dec2014BV25,Water_Class_300_dec2014,93.0,105.0,101.0
270,Water,dec2014BV25,Water_Class_300_dec2014,128.0,146.0,129.0
271,Water,dec2014BV25,Water_Class_300_dec2014,84.0,100.0,109.0
272,Water,dec2014BV25,Water_Class_300_dec2014,88.0,106.0,108.0
273,Water,dec2014BV25,Water_Class_300_dec2014,96.0,107.0,117.0
274,Water,dec2014BV25,Water_Class_300_dec2014,91.0,107.0,105.0
275,Water,dec2014BV25,Water_Class_300_dec2014,113.0,127.0,129.0
276,Water,dec2014BV25,Water_Class_300_dec2014,138.0,157.0,136.0
277,Water,dec2014BV25,Water_Class_300_dec2014,138.0,152.0,144.0
278,Water,dec2014BV25,Water_Class_300_dec2014,111.0,122.0,126.0
279,Water,dec2014BV25,Water_Class_300_dec2014,149.0,163.0,154.0
280,Water,dec2014BV25,Water_Class_300_dec2014,132.0,151.0,137.0
281,Water,dec2014BV25,Water_Class_300_dec2014,134.0,151.0,139.0
282,Water,dec2014BV25,Water_Class_300_dec2014,150.0,168.0,155.0
283,Water,dec2014BV25,Water_Class_300_dec2014,114.0,122.0,125.0
284,Water,dec2014BV25,Water_Class_300_dec2014,120.0,139.0,121.0
285,Water,dec2014BV25,Water_Class_300_dec2014,169.0,194.0,167.0
286,Water,dec2014BV25,Water_Class_300_dec2014,122.0,144.0,136.0
287,Water,dec2014BV25,Water_Class_300_dec2014,119.0,128.0,135.0
288,Water,dec2014BV25,Water_Class_300_dec2014,113.0,120.0,129.0
289,Water,dec2014BV25,Water_Class_300_dec2014,136.0,139.0,148.0
290,Water,dec2014BV25,Water_Class_300_dec2014,143.0,155.0,147.0
291,Water,dec2014BV25,Water_Class_300_dec2014,151.0,164.0,160.0
292,Water,dec2014BV25,Water_Class_300_dec2014,146.0,164.0,153.0
293,Water,dec2014BV25,Water_Class_300_dec2014,116.0,129.0,130.0
294,Water,dec2014BV25,Water_Class_300_dec2014,119.0,121.0,138.0
295,Water,dec2014BV25,Water_Class_300_dec2014,101.0,110.0,113.0
296,Water,dec2014BV25,Water_Class_300_dec2014,126.0,127.0,140.0
297,Water,dec2014BV25,Water_Class_300_dec2014,130.0,138.0,146.0
298,Water,dec2014BV25,Water_Class_300_dec2014,140.0,149.0,146.0
299,Water,dec2014BV25,Water_Class_300_dec2014,101.0,112.0,115.0
